{
    "rmse": 0.8049558560966371,
    "mae": 0.6600192889480836,
    "r2": 0.008495607240675551
}